Faction,Resources,Military,Population,AllyStrength,PowerSum,,,
Syria,0.6498627349,1.724869827,3.239364284,0.2,12.4884318,,,
Saudi Arabia,4.480415269,2.295461156,2.542153006,0.7,26.56524344,,,
UAE,1.731937527,1.054736039,0.910851235,0.7,11.72560797,,,
Iran,2.747442156,2.119095404,3.629238817,0.3,20.9479469,,,
Iraq,1.625604944,1.687099928,2.823940112,0.4,15.24915466,,,
Israel,0.810358579,4.509928428,3.081299814,1,25.55208926,,,
ISIS,0.4,1.2,0.35,0.3,6.95,,,
Al-Qaeda,0.1,0.7,0.2,0.1,3.5,,,
